timestamp,price,volume

1623273247,36552.455886,52788095825.827133

1623273308,36560.301601,52788095825.827133

1623273369,36582.176308,52788095825.827133

1623273430,36566.071614,52788095825.827133

1623273491,36475.417795,52788095825.827133

1623273552,36341.389633,52788095825.827133

1623273613,36350.191355,52788095825.827133

1623273675,36340.773081,52305870870.144821

1623273736,36256.269112,52305870870.144821

1623273797,36256.238316,52305870870.144821

1623273858,36273.208454,52305870870.144821

1623273919,36284.724169,52305870870.144821

1623273980,36300.434466,52305870870.144821

1623274041,36316.617589,52305870870.144821

1623274102,36315.956224,52305870870.144821

1623274163,36293.636967,52305870870.144821

1623274224,36291.948264,52305870870.144821

1623274285,36357.292656,52145182733.211678

1623274346,36373.443848,52145182733.211678

1623274407,36395.106877,52145182733.211678

1623274468,36413.169029,52145182733.211678

1623274529,36412.860918,52145182733.211678

1623274590,36417.420552,52145182733.211678

1623274651,36396.599928,52145182733.211678

1623274712,36458.554477,52145182733.211678

1623274773,36453.076288,52145182733.211678

1623274834,36456.664913,52145182733.211678

1623274895,36495.918201,52145182733.211678

1623274956,36518.945323,52145182733.211678

1623275017,36565.037792,52145182733.211678

1623275078,36566.477278,52145182733.211678

1623275139,36705.901405,52145182733.211678

1623275200,36705.744507,52145182733.211678

1623275261,36759.408960,52145182733.211678

1623275322,36718.364173,52145182733.211678

1623275383,36725.404882,52145182733.211678

1623275444,36725.869935,52145182733.211678

1623275505,36716.543277,52145182733.211678

1623275566,36624.239100,52145182733.211678

1623275627,36730.957061,52145182733.211678

1623275688,36719.993080,52145182733.211678

1623275749,36712.724593,52145182733.211678

1623275810,36696.686061,52145182733.211678

1623275871,36701.411891,52145182733.211678

1623275932,36685.164843,52145182733.211678

1623275993,36677.074826,52549451083.098175

1623276054,36622.473879,52549451083.098175

1623276115,36661.186821,52549451083.098175

1623276176,36658.314257,52549451083.098175

1623276237,36660.336030,52549451083.098175

1623276298,36661.215762,52549451083.098175

1623276359,36670.506265,52549451083.098175

1623276420,36680.612811,52549451083.098175

1623276481,36660.408288,52549451083.098175

1623276542,36705.619132,52549451083.098175

1623276603,36566.655237,52549451083.098175

1623276664,36602.409260,52549451083.098175

1623276725,36623.398899,52549451083.098175

1623276786,36629.990579,52549451083.098175

1623276847,36666.404249,52549451083.098175

1623276908,36690.561375,52549451083.098175

1623276969,36785.350822,52549451083.098175

1623277030,36753.169800,52549451083.098175

1623277091,36858.225304,52549451083.098175

1623277153,36899.421147,52549451083.098175

1623277213,36915.599721,52549451083.098175

1623277274,36883.525933,52549451083.098175

1623277336,36847.421331,52549451083.098175

1623277397,36857.112898,52549451083.098175

1623277457,36904.425036,52549451083.098175

1623277518,36940.365623,52549451083.098175

1623277580,37288.483583,52549451083.098175

1623277641,37216.827927,52549451083.098175

1623277702,37239.189041,52549451083.098175

1623277762,37139.706760,52549451083.098175

1623277823,37213.798726,52549451083.098175

1623277884,37101.959736,52549451083.098175

1623277946,37064.866907,52549451083.098175

1623278006,37044.851253,52549451083.098175

1623278067,36963.733868,52549451083.098175

1623278128,37019.126151,52549451083.098175

1623278189,37108.672759,52549451083.098175

1623278250,37124.693149,52549451083.098175

1623278311,37141.740423,52549451083.098175

1623278372,37141.022093,52549451083.098175

1623278433,37134.523395,52549451083.098175

1623278494,37139.860060,52549451083.098175

1623278556,37102.457452,52549451083.098175

1623278617,37127.363458,52549451083.098175

1623278678,37136.557650,52549451083.098175

1623278739,37134.809032,52549451083.098175

1623278800,37172.337530,52549451083.098175

1623278861,37186.812593,52549451083.098175

1623278922,37144.101831,52549451083.098175

1623278983,37121.115445,52549451083.098175

1623279044,37114.252175,52549451083.098175

1623279105,37079.068729,52549451083.098175

1623279166,37119.940722,52549451083.098175

1623279227,37191.729056,52549451083.098175

1623279287,37155.314228,52549451083.098175

1623279348,37105.381175,52549451083.098175

1623279409,37110.037279,52549451083.098175

1623279471,37146.604155,52549451083.098175

1623279532,37155.640172,52549451083.098175

1623279593,37116.092256,53751789431.005714

1623279654,37039.136005,53751789431.005714

1623279715,37031.225128,53751789431.005714

1623279776,37006.959276,53751789431.005714

1623279837,37013.109308,53751789431.005714

1623279898,37030.504673,53751789431.005714

1623279959,37097.634466,53751789431.005714

1623280020,37086.604889,53751789431.005714

1623280081,37136.945333,53751789431.005714

1623280142,37148.777006,53751789431.005714

1623280203,37184.318432,53751789431.005714

1623280264,37176.213159,53751789431.005714

1623280325,37174.324958,53751789431.005714

1623280386,37233.210493,53751789431.005714

1623280447,37324.867393,53751789431.005714

1623280508,37265.705919,53751789431.005714

1623280569,37249.423071,53751789431.005714

1623280630,37178.430869,53751789431.005714

1623280691,37239.798549,53751789431.005714

1623280752,37250.966131,53751789431.005714

1623280813,37242.116993,53751789431.005714

1623280874,37235.240274,53751789431.005714

1623280935,37222.072050,53751789431.005714

1623280996,37242.477227,53751789431.005714

1623281057,37241.343683,53751789431.005714

1623281118,37273.706924,53751789431.005714

1623281179,37240.462036,53751789431.005714

1623281240,37344.544070,53751789431.005714

1623281301,37367.372098,53751789431.005714

1623281362,37355.897673,53751789431.005714

1623281423,37396.600798,53751789431.005714

1623281484,37391.172935,53751789431.005714

1623281545,37446.914568,53751789431.005714

1623281606,37430.543178,53751789431.005714

1623281667,37403.047332,53751789431.005714

1623281728,37478.136036,53751789431.005714

1623281789,37497.303313,53751789431.005714

1623281850,37471.335172,53751789431.005714

1623281911,37510.442684,53751789431.005714

1623281972,37517.354577,53751789431.005714

1623282033,37532.382201,53751789431.005714

1623282094,37534.509203,53751789431.005714

1623282155,37433.630144,53751789431.005714

1623282216,37424.207728,53751789431.005714

1623282277,37419.591323,53751789431.005714

1623282338,37375.294817,53751789431.005714

1623282399,37380.853304,53751789431.005714

1623282460,37429.131522,53751789431.005714

1623282521,37422.464483,53751789431.005714

1623282582,37449.075538,53751789431.005714

1623282643,37397.196344,53751789431.005714

1623282704,37349.697269,53751789431.005714

1623282766,37382.222468,53751789431.005714

1623282826,37346.377633,53751789431.005714

1623282888,37366.388100,53751789431.005714

1623282948,37347.346297,53751789431.005714

1623283009,37284.970272,53751789431.005714

1623283070,37294.617597,53751789431.005714

1623283131,37347.799989,53751789431.005714

1623283192,37385.154682,53972919007.616989

1623283253,37437.710465,53972919007.616989

1623283314,37348.753033,53972919007.616989

1623283376,37599.629071,53972919007.616989

1623283437,37529.479835,53972919007.616989

1623283498,37418.011660,53972919007.616989

1623283558,37377.777224,53972919007.616989

1623283619,37325.465756,53972919007.616989

1623283680,37278.481415,53972919007.616989

1623283741,37277.701046,53972919007.616989

1623283802,37307.953468,53972919007.616989

1623283863,37207.874008,53972919007.616989

1623283924,37161.432817,53972919007.616989

1623283985,37117.867145,53972919007.616989

1623284046,37123.103519,53972919007.616989

1623284107,37117.016090,53972919007.616989

1623284168,37074.045603,53972919007.616989

1623284229,37104.978274,53972919007.616989

1623284290,37146.410627,53972919007.616989

1623284351,37079.901790,53972919007.616989

1623284412,37024.729129,53972919007.616989

1623284473,36983.747329,53972919007.616989

1623284534,36959.672435,53972919007.616989

1623284595,36986.615128,53972919007.616989

1623284656,37029.231407,53972919007.616989

1623284717,37053.399609,53972919007.616989

1623284778,37096.046871,53972919007.616989

1623284839,37147.652877,53972919007.616989

1623284900,37158.238692,53972919007.616989

1623284961,37178.811448,53972919007.616989

1623285022,37242.200644,53972919007.616989

1623285083,37125.776950,53972919007.616989

1623285144,37157.975461,53972919007.616989

1623285205,37133.336017,53972919007.616989

1623285266,37147.270846,53972919007.616989

1623285327,37127.258654,53972919007.616989

1623285388,37127.992290,53972919007.616989

1623285449,37143.454459,53972919007.616989

1623285510,37180.423789,53972919007.616989

1623285571,37103.021025,53972919007.616989

1623285632,37063.794036,53972919007.616989

1623285693,37110.933261,53972919007.616989

1623285754,37093.333679,53972919007.616989

1623285815,37078.999355,53972919007.616989

1623285876,37039.309178,53972919007.616989

1623285937,37019.174568,53972919007.616989

1623285998,37050.072543,53972919007.616989

1623286059,37062.962996,53972919007.616989

1623286120,37118.934620,53972919007.616989

1623286181,37101.143991,53972919007.616989

1623286242,37098.074866,53972919007.616989

1623286303,37162.004599,53972919007.616989

1623286364,37127.829876,53972919007.616989

1623286425,37146.358680,53972919007.616989

1623286486,37127.192366,53972919007.616989

1623286547,37138.192864,53972919007.616989

1623286608,37115.828298,53972919007.616989

1623286669,37099.795490,53972919007.616989

1623286730,37042.289485,53972919007.616989

1623286791,36978.741610,54246643913.773254

1623286852,37052.065049,54246643913.773254

1623286913,37073.909052,54246643913.773254

1623286974,37077.270828,54246643913.773254

1623287035,37108.285255,54246643913.773254

1623287096,37084.214319,54246643913.773254

1623287157,37141.192880,54246643913.773254

1623287218,37168.092306,54246643913.773254

1623287279,37216.894858,54246643913.773254

1623287340,37229.476285,54246643913.773254

1623287401,37242.173250,54246643913.773254

1623287462,37253.067535,54246643913.773254

1623287523,37247.332328,54246643913.773254

1623287584,37245.087032,54246643913.773254

1623287645,37325.426118,54246643913.773254

1623287706,37256.981770,54246643913.773254

1623287767,37248.326164,54246643913.773254

1623287828,37263.842573,54246643913.773254

1623361154,36700.083789,44575773753.287018

1623361215,36729.758700,44575773753.287018

1623361276,36708.258572,44575773753.287018

1623361337,36656.136344,44575773753.287018

1623361398,36660.218775,44575773753.287018

1623361459,36694.372552,44575773753.287018

1623361520,36663.412239,44575773753.287018

1623361581,36618.242393,44575773753.287018

1623361642,36628.922658,44575773753.287018

1623361703,36592.582896,44575773753.287018

1623361764,36613.764608,44575773753.287018

1623361825,36627.611046,44575773753.287018

1623361886,36617.689321,44575773753.287018

1623361947,36635.612886,44575773753.287018

1623362008,36678.275846,44575773753.287018

1623362069,36677.861958,44575773753.287018

1623362130,36655.501050,44575773753.287018

1623362191,36607.961196,44575773753.287018

1623362252,36626.840468,44575773753.287018

1623362313,36628.298555,44575773753.287018

1623362374,36656.977323,44575773753.287018

1623362435,36691.539934,44985717091.328346

1623362496,36633.231387,44985717091.328346

1623362557,36662.752507,44985717091.328346

1623362618,36669.610582,44985717091.328346

1623362679,36661.403897,44985717091.328346

1623362740,36673.520962,44985717091.328346

1623362801,36646.061310,44985717091.328346

1623362862,36646.855715,44985717091.328346

1623362923,36652.129114,44985717091.328346

1623362984,36710.855764,44985717091.328346

1623363045,36673.922265,44985717091.328346

1623363106,36697.676009,44985717091.328346

1623363167,36722.413891,44985717091.328346

1623363228,36868.583541,44985717091.328346

1623363289,36860.224264,44985717091.328346

1623363350,36982.645599,44985717091.328346

1623363411,37039.184676,44985717091.328346

1623363472,37010.897268,44985717091.328346

1623363533,36963.516672,44985717091.328346

1623363594,36968.758940,44985717091.328346

1623363654,36881.928495,44985717091.328346

1623363715,36832.355765,44985717091.328346

1623363776,36827.698566,44985717091.328346

1623363837,36854.684220,44985717091.328346

1623363898,36881.126314,44985717091.328346

1623363959,36841.813411,44985717091.328346

1623364020,36811.820742,44985717091.328346

1623364081,36759.646855,44985717091.328346

1623364142,36785.323252,44985717091.328346

1623364203,36798.649484,44985717091.328346

1623364264,36755.416743,44985717091.328346

1623364325,36752.665193,44985717091.328346

1623364386,36748.954494,44985717091.328346

1623364447,36743.959413,44985717091.328346

1623364508,36736.949649,44985717091.328346

1623364569,36727.922724,44985717091.328346

1623364630,36691.508088,44985717091.328346

1623364691,36659.420944,44985717091.328346

1623364751,36639.774777,44985717091.328346

1623364812,36629.985858,44985717091.328346

1623364873,36663.829001,44985717091.328346

1623364934,36673.025668,44985717091.328346

1623364995,36692.757892,44985717091.328346

1623365056,36712.486013,44985717091.328346

1623365117,36704.142481,44985717091.328346

1623365178,36729.703091,44985717091.328346

1623365239,36771.237808,44985717091.328346

1623365300,36768.856398,44985717091.328346

1623365361,36744.158589,44985717091.328346

1623365422,36752.397375,44985717091.328346

1623365483,36784.595130,44985717091.328346

1623365544,36811.973038,44985717091.328346

1623365605,36833.544821,44985717091.328346

1623365667,36843.066802,44985717091.328346

1623365728,36858.972354,44985717091.328346

1623365789,36831.205545,44985717091.328346

1623365850,36839.670751,44985717091.328346

1623365911,36853.219481,44985717091.328346

1623365972,36880.747234,44501407330.994041

1623366033,36892.170387,44501407330.994041

1623366094,36927.462817,44501407330.994041

1623366155,36876.046505,44501407330.994041

1623366216,36786.862089,44501407330.994041

1623366277,36787.767999,44501407330.994041

1623366338,36843.987253,44501407330.994041

1623366399,36917.352121,44501407330.994041

1623366460,36900.022420,44501407330.994041

1623366523,36878.699527,44501407330.994041

1623366584,36875.690905,44501407330.994041

1623366645,36817.803970,44501407330.994041

1623366706,36821.181250,44501407330.994041

1623366767,36880.264088,44501407330.994041

1623366829,36872.046826,44501407330.994041

1623366890,36867.875887,44501407330.994041

1623366951,36830.968726,44501407330.994041

1623367012,36768.903813,44501407330.994041

1623367072,36790.838634,44501407330.994041

1623367133,36803.612907,44501407330.994041

1623367194,36815.397050,44501407330.994041

1623367255,36818.196378,44501407330.994041

1623367316,36780.341852,44501407330.994041

1623367377,36754.928333,44501407330.994041

1623367438,36763.669916,44501407330.994041

1623367499,36787.602348,44501407330.994041

1623367560,36834.367799,44501407330.994041

1623367621,36861.145783,44501407330.994041

1623367682,36849.145765,44501407330.994041

1623367743,36829.654382,44501407330.994041

1623367804,36808.375000,44501407330.994041

1623367865,36820.458310,44501407330.994041

1623367926,36856.210755,44501407330.994041

1623367987,36836.252870,44501407330.994041

1623368048,36834.170084,44501407330.994041

1623368109,36823.457448,44501407330.994041

1623368169,36844.012288,44501407330.994041

1623368230,36880.586302,44501407330.994041

1623368291,36926.246895,44501407330.994041

1623368352,36940.888667,44501407330.994041

1623368413,36979.686764,44501407330.994041

1623368474,36950.702721,44501407330.994041

1623368535,36898.374808,44501407330.994041

1623368596,36914.136429,44501407330.994041

1623368657,36899.313001,44501407330.994041

1623368718,36891.259670,44501407330.994041

1623368779,36878.507274,44501407330.994041

1623368840,36911.336797,44501407330.994041

1623368901,36869.704162,44501407330.994041

1623368962,36864.303961,44501407330.994041

1623369023,36862.652083,44501407330.994041

1623369084,36847.172629,44501407330.994041

1623369145,36833.334107,44501407330.994041

1623369206,36879.131875,44501407330.994041

1623369267,36887.459881,44501407330.994041

1623369327,36835.276851,44501407330.994041

1623369388,36732.383906,44501407330.994041

1623369449,36641.749584,44501407330.994041

1623369510,36688.349498,44501407330.994041

1623369571,36659.172397,44501407330.994041

1623369632,36743.051517,43576032853.657761

1623369693,36564.547872,43576032853.657761

1623369754,36461.335235,43576032853.657761

1623369815,36497.279786,43576032853.657761

1623369876,36485.355315,43576032853.657761

1623369937,36482.266425,43576032853.657761

1623369998,36653.478882,43576032853.657761

1623370059,36688.156120,43576032853.657761

1623370120,36844.414470,43576032853.657761

1623370181,36895.222763,43576032853.657761

1623370241,37058.651482,43576032853.657761

1623370302,37157.675986,43576032853.657761

1623370363,37146.551892,43576032853.657761

1623370424,37099.223683,43576032853.657761

1623370485,37013.058138,43576032853.657761

1623370546,37122.890418,43576032853.657761

1623370607,37172.149309,43576032853.657761

1623370668,37133.873313,43576032853.657761

1623370729,37061.386035,43576032853.657761

1623370790,37020.218441,43576032853.657761

1623370851,37006.247546,43576032853.657761

1623370912,36935.658977,43576032853.657761

1623370973,36947.217477,43576032853.657761

1623371034,36947.349452,43576032853.657761

1623371095,36945.561185,43576032853.657761

1623371156,36898.284013,43576032853.657761

1623371216,36889.551177,43576032853.657761

1623371277,36841.291989,43576032853.657761

1623371338,36725.287187,43576032853.657761

1623371399,36717.182675,43576032853.657761

1623371460,36621.469016,43576032853.657761

1623371522,36567.812607,43576032853.657761

1623371583,36576.810040,43576032853.657761

1623371644,36631.137433,43576032853.657761

1623371705,36632.451199,43576032853.657761

1623371767,36532.100472,43576032853.657761

1623371828,36543.576109,43576032853.657761

1623371889,36525.313097,43576032853.657761

1623371950,36456.234945,43576032853.657761

1623372011,36534.313376,43576032853.657761

1623372072,36554.001859,43576032853.657761

1623372133,36599.181247,43576032853.657761

1623372194,36618.574726,43576032853.657761

1623372255,36561.138968,43576032853.657761

1623372316,36626.288051,43576032853.657761

1623372377,36629.044383,43576032853.657761

1623372438,36653.661297,43576032853.657761

1623372499,36663.233788,43576032853.657761

1623372560,36621.707368,43576032853.657761

1623372620,36599.764198,43576032853.657761

1623372681,36588.047580,43576032853.657761

1623372742,36609.882631,43576032853.657761

1623372803,36615.620871,43576032853.657761

1623372864,36635.537388,43576032853.657761

1623372925,36634.369910,43576032853.657761

1623372986,36655.932083,43576032853.657761

1623373047,36636.149443,43576032853.657761

1623373108,36611.585952,43576032853.657761

1623373169,36428.027977,43576032853.657761

1623373230,36418.479151,42893550020.345650

1623373291,36480.200228,42893550020.345650

1623373352,36464.814167,42893550020.345650

1623373415,36337.407770,42893550020.345650

1623373476,36321.850816,42893550020.345650

1623373537,36321.864871,42893550020.345650

1623373598,36340.486104,42893550020.345650

1623373658,36287.929543,42893550020.345650

1623373719,36234.173737,42893550020.345650

1623373780,36211.590759,42893550020.345650

1623373841,36201.955354,42893550020.345650

1623373902,36149.377198,42893550020.345650

1623373963,36182.235669,42893550020.345650

1623374024,36140.298807,42893550020.345650

1623374085,36230.206451,42893550020.345650

1623374146,36283.283356,42893550020.345650

1623374207,36290.444429,42893550020.345650

1623374268,36165.524223,42893550020.345650

1623374329,36208.325192,42893550020.345650

1623374390,36155.193787,42893550020.345650

1623374451,36223.032373,42893550020.345650

1623374512,36236.727262,42893550020.345650

1623374573,36257.973050,42893550020.345650

1623374634,36253.985983,42893550020.345650

1623374695,36248.230589,42893550020.345650

1623374756,36231.814162,42893550020.345650

1623374817,36150.937246,42893550020.345650

1623374878,36038.669056,42893550020.345650

1623374939,36084.880305,42893550020.345650

1623375000,36097.996630,42893550020.345650

1623375061,36160.872971,42893550020.345650

1623375122,36175.011058,42893550020.345650

1623375183,36219.246235,42893550020.345650

1623375244,36247.943828,42893550020.345650

1623375305,36194.012869,42893550020.345650

1623375366,36227.413717,42893550020.345650

1623375427,36194.551416,42893550020.345650

1623375488,36263.836294,42893550020.345650

1623375549,36267.591456,42893550020.345650

1623375610,36260.275512,42893550020.345650

1623375671,36258.679703,42893550020.345650

1623375732,36287.764264,42893550020.345650

1623446967,37098.351784,37581249096.992142

1623447028,37062.755622,37581249096.992142

1623447089,37033.062874,37581249096.992142

1623447150,36974.893230,37581249096.992142

1623447211,36876.388324,37581249096.992142

1623447272,36946.032471,37581249096.992142

1623447332,36938.076806,37581249096.992142

1623447393,36840.783633,37581249096.992142

1623447454,36893.233395,37581249096.992142

1623447515,36826.608007,37581249096.992142

1623447576,36839.237451,37581249096.992142

1623447637,36852.029887,37581249096.992142

1623447698,36840.949972,37581249096.992142

1623447759,36861.754056,37581249096.992142

1623447820,36841.122904,37581249096.992142

1623447881,36816.072209,37581249096.992142

1623447942,36822.394214,37581249096.992142

1623448003,36852.687108,37581249096.992142

1623448064,36893.658628,37581249096.992142

1623448125,36891.361370,37581249096.992142

1623448186,36893.456339,37581249096.992142

1623448247,36919.373768,37581249096.992142

1623448308,36948.715216,37581249096.992142

1623448369,36909.278946,37581249096.992142

1623448430,36913.400247,37581249096.992142

1623448491,36934.495123,37581249096.992142

1623448552,36924.371025,37581249096.992142

1623448613,36907.710649,37581249096.992142

1623448674,36924.720812,37581249096.992142

1623448735,36939.960356,37581249096.992142

1623448796,36935.398518,37589112375.250778

1623448857,36889.552140,37589112375.250778

1623448918,36878.710627,37589112375.250778

1623448979,36934.534405,37589112375.250778

1623449040,36919.145274,37589112375.250778

1623449101,36945.908120,37589112375.250778

1623449162,36992.367750,37589112375.250778

1623449223,37032.396737,37589112375.250778

1623449284,37043.547977,37589112375.250778

1623449344,37011.334207,37589112375.250778

1623449405,37006.583450,37589112375.250778

1623449466,37002.453781,37589112375.250778

1623449527,36980.739743,37589112375.250778

1623449588,36985.912545,37589112375.250778

1623449649,36999.753334,37589112375.250778

1623449710,37022.918444,37589112375.250778

1623449771,37010.021220,37589112375.250778

1623449832,37027.729921,37589112375.250778

1623449893,37033.675500,37589112375.250778

1623449954,37015.352704,37589112375.250778

1623450015,37098.521026,37589112375.250778

1623450076,37121.420269,37589112375.250778

1623450137,37119.131054,37589112375.250778

1623450198,37151.945404,37589112375.250778

1623450259,37210.779370,37589112375.250778

1623450320,37284.153882,37589112375.250778

1623450381,37327.356026,37589112375.250778

1623450442,37361.350155,37589112375.250778

1623450503,37407.730528,37589112375.250778

1623450563,37378.505290,38144396006.100830

1623450624,37433.148586,38144396006.100830

1623450685,37381.350823,38144396006.100830

1623450746,37473.469116,38144396006.100830

1623450807,37406.639571,38144396006.100830

1623450868,37384.977060,38144396006.100830

1623450929,37375.573514,38144396006.100830

1623450990,37371.321036,38144396006.100830

1623451051,37340.088258,38144396006.100830

1623451112,37364.959949,38144396006.100830

1623451173,37324.408741,38144396006.100830

1623451234,37327.829123,38144396006.100830

1623451295,37387.111784,38144396006.100830

1623451356,37381.686445,38144396006.100830

1623451417,37343.619966,38144396006.100830

1623451478,37361.461801,38144396006.100830

1623451539,37362.884988,38144396006.100830

1623451600,37391.502573,38144396006.100830

1623451661,37369.988763,38144396006.100830

1623451722,37462.235237,38144396006.100830

1623451783,37446.576796,38144396006.100830

1623451844,37420.306178,38144396006.100830

1623451905,37393.994306,38144396006.100830

1623451966,37383.086318,38144396006.100830

1623452027,37376.246230,38144396006.100830

1623452088,37362.718493,38144396006.100830

1623452149,37369.582406,38144396006.100830

1623452209,37385.234670,38144396006.100830

1623452270,37346.551806,38144396006.100830

1623452331,37362.757022,38144396006.100830

1623452392,37355.763201,38144396006.100830

1623452453,37343.698743,38144396006.100830

1623452514,37386.413441,38144396006.100830

1623452575,37331.305866,38144396006.100830

1623452636,37321.823375,38144396006.100830

1623452697,37283.040086,38144396006.100830

1623452758,37283.864571,38144396006.100830

1623452819,37253.319586,38144396006.100830

1623452880,37283.704228,38144396006.100830

1623452941,37237.095248,38144396006.100830

1623453002,37240.800480,38144396006.100830

1623453063,37240.682956,38144396006.100830

1623453124,37212.327414,38144396006.100830

1623453185,37235.410803,38144396006.100830

1623453246,37271.254324,38144396006.100830

1623453307,37254.289283,38144396006.100830

1623453368,37267.930653,38144396006.100830

1623453429,37246.928941,38144396006.100830

1623453490,37214.230630,38144396006.100830

1623453551,37171.737585,38144396006.100830

1623453611,37147.332367,38144396006.100830

1623453672,37109.233220,38144396006.100830

1623453733,37030.812422,38144396006.100830

1623453794,37033.070412,38144396006.100830

1623453855,37102.588858,38144396006.100830

1623453916,37133.393647,38144396006.100830

1623453977,37166.523215,38144396006.100830

1623454038,37089.599517,38144396006.100830

1623454099,37077.392454,38144396006.100830

1623454160,37047.333717,38323904882.148048

1623454221,37056.620246,38323904882.148048

1623454282,37036.407514,38323904882.148048

1623454343,36997.002062,38323904882.148048

1623454404,36983.373773,38323904882.148048

1623454465,36995.705936,38323904882.148048

1623454526,37049.497687,38323904882.148048

1623454587,37034.868232,38323904882.148048

1623454648,36997.418067,38323904882.148048

1623454709,37040.887812,38323904882.148048

1623454770,37034.104670,38323904882.148048

1623454831,37060.651536,38323904882.148048

1623454892,37089.283171,38323904882.148048

1623454953,37052.115680,38323904882.148048

1623455014,37122.838989,38323904882.148048

1623455075,37142.087952,38323904882.148048

1623455136,37172.619618,38323904882.148048

1623455197,37274.836531,38323904882.148048

1623455257,37344.214830,38323904882.148048

1623455318,37352.866718,38323904882.148048

1623455379,37337.879521,38323904882.148048

1623455440,37295.391751,38323904882.148048

1623455501,37255.193541,38323904882.148048

1623455562,37263.397893,38323904882.148048

1623455623,37284.813754,38323904882.148048

1623455684,37211.123085,38323904882.148048

1623455745,37229.327202,38323904882.148048

1623455806,37208.579872,38323904882.148048

1623455867,37264.241049,38323904882.148048

1623455928,37320.048257,38323904882.148048

1623455989,37336.767391,38323904882.148048

1623456050,37285.844737,38323904882.148048

1623456111,37305.244574,38323904882.148048

1623456172,37259.569387,38323904882.148048

1623456233,37217.175526,38323904882.148048

1623456294,37174.267434,38323904882.148048

1623456355,37292.580834,38323904882.148048

1623456416,37398.800722,38323904882.148048

1623456477,37416.972888,38323904882.148048

1623456538,37339.191348,38323904882.148048

1623456599,37329.588565,38323904882.148048

1623456660,37267.954204,38323904882.148048

1623456721,37255.876950,38323904882.148048

1623456782,37311.901609,38323904882.148048

1623456843,37244.660255,38323904882.148048

1623456904,37216.203538,38323904882.148048

1623456964,37175.445538,38323904882.148048

1623457025,37184.359708,38323904882.148048

1623457086,37182.329686,38323904882.148048

1623457147,37236.446610,38323904882.148048

1623457208,37210.170761,38323904882.148048

1623457269,37146.303457,38323904882.148048

1623457330,37143.701820,38323904882.148048

1623457391,37094.669556,38323904882.148048

1623457452,37137.405492,38323904882.148048

1623457513,37119.020805,38323904882.148048

1623457574,37080.537175,38323904882.148048

1623457635,37093.682182,38323904882.148048

1623457696,37104.056975,38323904882.148048

1623457757,37069.311373,38190094496.207001

1623457818,37058.099739,38190094496.207001

1623457879,37035.457372,38190094496.207001

1623457940,37080.873094,38190094496.207001

1623458001,37087.866285,38190094496.207001

1623458062,37102.663142,38190094496.207001

1623458123,37090.690395,38190094496.207001

1623458183,37168.887494,38190094496.207001

1623458244,37192.527614,38190094496.207001

1623458305,37199.315463,38190094496.207001

1623458366,37190.167213,38190094496.207001

1623458427,37209.790548,38190094496.207001

1623458488,37128.450596,38190094496.207001

1623458549,37154.543611,38190094496.207001

1623458610,37113.209806,38190094496.207001

1623458671,37117.230376,38190094496.207001

1623458732,37073.653403,38190094496.207001

1623458793,37069.836242,38190094496.207001

1623458854,37117.356709,38190094496.207001

1623458915,37173.737449,38190094496.207001

1623458976,37163.059941,38190094496.207001

1623459037,37201.760127,38190094496.207001

1623459098,37146.296825,38190094496.207001

1623459159,37176.904655,38190094496.207001

1623459220,37173.947970,38190094496.207001

1623459281,37163.691271,38190094496.207001

1623459342,37086.326381,38190094496.207001

1623459403,37062.245128,38190094496.207001

1623459464,37057.374303,38190094496.207001

1623459525,37013.674360,38190094496.207001

1623459586,37047.683923,38190094496.207001

1623459647,36959.485967,38190094496.207001

1623459708,36976.627271,38190094496.207001

1623459769,36950.914431,38190094496.207001

1623459830,36981.132323,38190094496.207001

1623459891,37038.422399,38190094496.207001

1623459952,37080.240988,38190094496.207001

1623460013,37128.052756,38190094496.207001

1623460074,37084.160150,38190094496.207001

1623460135,37094.997765,38190094496.207001

1623460196,37078.456807,38190094496.207001

1623460256,37100.540388,38190094496.207001

1623460317,37022.209100,38190094496.207001

1623460378,37054.269338,38190094496.207001

1623460439,37051.390684,38190094496.207001

1623460500,37065.865224,38190094496.207001

1623460561,36966.253396,38190094496.207001

1623460622,36991.910328,38190094496.207001

1623460683,36995.131734,38190094496.207001

1623460744,36977.618721,38190094496.207001

1623460805,36924.624683,38190094496.207001

1623460866,36896.699603,38190094496.207001

1623460927,36893.797860,38190094496.207001

1623460988,36856.911900,38190094496.207001

1623461049,36886.540189,38190094496.207001

1623461110,36922.862676,38190094496.207001

1623461171,36918.824180,38190094496.207001

1623461232,36884.212211,38190094496.207001

1623461293,36911.496689,38190094496.207001

1623461354,36862.043020,37831961615.207077

1623461415,36495.830260,37831961615.207077

1623461476,36439.681908,37831961615.207077

1623461537,36468.546324,37831961615.207077

1623531858,35954.991873,39648972080.707764

1623531919,35955.668180,39648972080.707764

1623531980,35953.103922,39648972080.707764

1623532041,35955.067637,39648972080.707764

1623532102,35955.611384,39648972080.707764

1623532163,35932.528236,39648972080.707764

1623532224,35901.884517,39648972080.707764

1623532285,35945.539925,39648972080.707764

1623532346,35996.636971,39648972080.707764

1623532407,35961.127238,39648972080.707764

1623532468,35990.798471,39648972080.707764

1623532529,35994.127140,39648972080.707764

1623532590,35999.130051,39648972080.707764

1623532651,36048.949512,39648972080.707764

1623532712,36037.030293,39648972080.707764

1623532773,36025.360477,39648972080.707764

1623532834,35925.127911,39648972080.707764

1623532895,35935.215270,39648972080.707764

1623532956,35927.598493,39648972080.707764

1623533017,35923.797696,39648972080.707764

1623533078,35943.689796,39648972080.707764

1623533139,35980.606646,39648972080.707764

1623533200,35982.673125,39648972080.707764

1623533261,35940.321212,39648972080.707764

1623533322,35932.143609,39648972080.707764

1623533383,35961.899547,39601239785.884491

1623533444,35983.822445,39601239785.884491

1623533505,35975.903454,39601239785.884491

1623533566,35946.720090,39601239785.884491

1623533627,35931.383473,39601239785.884491

1623533688,35906.698706,39601239785.884491

1623533749,35916.090118,39601239785.884491

1623533810,35909.321259,39601239785.884491

1623533871,35912.645721,39601239785.884491

1623533932,35858.699307,39601239785.884491

1623533993,35827.703309,39601239785.884491

1623534054,35834.974238,39601239785.884491

1623534115,35812.428454,39601239785.884491

1623534176,35824.165247,39601239785.884491

1623534237,35867.092829,39601239785.884491

1623534298,35820.195345,39601239785.884491

1623534359,35841.770922,39601239785.884491

1623534420,35849.117452,39601239785.884491

1623534480,35857.163566,39601239785.884491

1623534541,35880.180727,39601239785.884491

1623534602,35889.216587,39601239785.884491

1623534663,35874.177630,39601239785.884491

1623534724,35859.070365,39601239785.884491

1623534785,35870.918718,39601239785.884491

1623534846,35844.879203,39601239785.884491

1623534907,35799.424725,39601239785.884491

1623534968,35860.555915,39601239785.884491

1623535029,35838.279503,39601239785.884491

1623535090,35852.137625,39601239785.884491

1623535151,35839.026723,39601239785.884491

1623535212,35841.546309,39601239785.884491

1623535273,35876.541154,39601239785.884491

1623535334,35874.389840,39601239785.884491

1623535395,35897.727826,39601239785.884491

1623535456,35886.681025,39601239785.884491

1623535517,35898.869838,39601239785.884491

1623535578,35949.804646,39601239785.884491

1623535639,35958.729574,39601239785.884491

1623535700,35947.057535,39601239785.884491

1623535761,35966.776964,39601239785.884491

1623535822,35935.633292,39601239785.884491

1623535883,35942.212342,39601239785.884491

1623535944,35953.206627,39601239785.884491

1623536005,35925.726433,39601239785.884491

1623536066,35902.027477,39601239785.884491

1623536127,35896.255927,39601239785.884491

1623536188,35870.734253,39601239785.884491

1623536249,35855.667428,39601239785.884491

1623536310,35841.645310,39601239785.884491

1623536371,35828.960283,39601239785.884491

1623536432,35799.395024,39601239785.884491

1623536493,35802.537322,39601239785.884491

1623536554,35722.881882,39601239785.884491

1623536615,35665.797406,39601239785.884491

1623536676,35647.153517,39601239785.884491

1623536737,35659.305454,39601239785.884491

1623536798,35677.145471,39601239785.884491

1623536859,35666.513828,39601239785.884491

1623536920,35674.492785,39601239785.884491

1623536981,35967.172904,38795058030.941803

1623537042,35967.172904,38795058030.941803

1623537103,35967.172904,38795058030.941803

1623537164,35967.172904,38795058030.941803

1623537225,35939.552309,38795058030.941803

1623537286,35939.552309,38795058030.941803

1623537347,35639.740994,38795058030.941803

1623537408,35577.083009,38795058030.941803

1623537469,35618.813684,38795058030.941803

1623537530,35626.795045,38795058030.941803

1623537591,35598.296371,38795058030.941803

1623537652,35617.797238,38795058030.941803

1623537712,35643.871498,38795058030.941803

1623537773,35643.001115,38795058030.941803

1623537834,35635.937366,38795058030.941803

1623537895,35660.722058,38795058030.941803

1623537956,35661.575727,38795058030.941803

1623538017,35646.365489,38795058030.941803

1623538078,35615.658960,38795058030.941803

1623538139,35642.695788,38795058030.941803

1623538200,35608.590100,38795058030.941803

1623538261,35629.572068,38795058030.941803

1623538322,35631.394845,38795058030.941803

1623538383,35651.063096,38795058030.941803

1623538444,35661.612340,38795058030.941803

1623538505,35674.253666,38795058030.941803

1623538566,35690.254378,38795058030.941803

1623538627,35675.000883,38795058030.941803

1623538688,35752.925139,38795058030.941803

1623538749,35706.901782,38795058030.941803

1623538810,35696.787115,38795058030.941803

1623538871,35759.495773,38795058030.941803

1623538932,35754.153530,38795058030.941803

1623538993,35766.021451,38795058030.941803

1623539054,35769.130270,38795058030.941803

1623539115,35751.960798,38795058030.941803

1623539176,35767.083794,38795058030.941803

1623539237,35735.568583,38795058030.941803

1623539298,35748.127173,38795058030.941803

1623539359,35775.906323,38795058030.941803

1623539420,35795.103823,38795058030.941803

1623539481,35799.711704,38795058030.941803

1623539542,35791.625295,38795058030.941803

1623539603,35846.550627,38795058030.941803

1623539664,35835.529177,38795058030.941803

1623539725,35846.062272,38795058030.941803

1623539786,35805.822990,38795058030.941803

1623539847,35796.105791,38795058030.941803

1623539908,35801.014999,38795058030.941803

1623539969,35815.908909,38795058030.941803

1623540030,35812.556575,38795058030.941803

1623540091,35819.221559,38795058030.941803

1623540152,35784.139433,38795058030.941803

1623540213,35799.738499,38795058030.941803

1623540274,35812.605429,38795058030.941803

1623540335,35799.099783,38795058030.941803

1623540396,35833.900677,38795058030.941803

1623540457,35843.749325,38795058030.941803

1623540518,35819.409864,38795058030.941803

1623540579,35814.216136,38393829562.346016

1623540640,35770.128184,38393829562.346016

1623540701,35771.548598,38393829562.346016

1623540762,35776.763252,38393829562.346016

1623540823,35762.421247,38393829562.346016

1623540884,35731.495415,38393829562.346016

1623540944,35736.580268,38393829562.346016

1623541005,35700.878787,38393829562.346016

1623541066,35682.576502,38393829562.346016

1623541127,35697.347395,38393829562.346016

1623541188,35703.572957,38393829562.346016

1623541249,35727.648673,38393829562.346016

1623541310,35736.351942,38393829562.346016

1623541371,35747.717397,38393829562.346016

1623541432,35730.211687,38393829562.346016

1623541493,35747.400437,38393829562.346016

1623541554,35733.333257,38393829562.346016

1623541615,35726.252245,38393829562.346016

1623541676,35710.165082,38393829562.346016

1623541737,35596.054822,38393829562.346016

1623541798,35553.685015,38393829562.346016

1623541859,35490.109827,38393829562.346016

1623541920,35506.200462,38393829562.346016

1623541981,35540.764767,38393829562.346016

1623542042,35548.828088,38393829562.346016

1623542103,35511.253548,38393829562.346016

1623542164,35524.456155,38393829562.346016

1623542225,35475.577241,38393829562.346016

1623542286,35459.092792,38393829562.346016

1623542347,35512.733965,38393829562.346016

1623542408,35536.253982,38393829562.346016

1623542469,35598.770817,38393829562.346016

1623542530,35535.437554,38393829562.346016

1623542591,35477.216502,38393829562.346016

1623542652,35417.970899,38393829562.346016

1623542713,35440.217978,38393829562.346016

1623542774,35524.461883,38393829562.346016

1623542835,35499.366117,38393829562.346016

1623542896,35484.062193,38393829562.346016

1623542957,35510.236452,38393829562.346016

1623543018,35481.440335,38393829562.346016

1623543079,35494.203607,38393829562.346016

1623543140,35474.468979,38393829562.346016

1623543201,35449.316855,38393829562.346016

1623543261,35473.712825,38393829562.346016

1623543322,35501.338799,38393829562.346016

1623543383,35534.498247,38393829562.346016

1623543444,35493.569008,38393829562.346016

1623543505,35515.187211,38393829562.346016

1623543566,35491.658506,38393829562.346016

1623543627,35470.190703,38393829562.346016

1623543688,35498.505164,38393829562.346016

1623543749,35427.409302,38393829562.346016

1623543810,35408.133497,38393829562.346016

1623543871,35385.424230,38393829562.346016

1623543932,35466.877878,38393829562.346016

1623543993,35497.309274,38393829562.346016

1623544054,35514.746230,38393829562.346016

1623544115,35464.027231,38393829562.346016

1623544176,35464.574953,37908962510.666672

1623544237,35465.927360,37908962510.666672

1623544298,35535.752165,37908962510.666672

1623544359,35538.243347,37908962510.666672

1623544420,35539.657489,37908962510.666672

1623544481,35519.821700,37908962510.666672

1623544542,35506.442025,37908962510.666672

1623544603,35461.975231,37908962510.666672

1623544664,35494.896739,37908962510.666672

1623544725,35502.944169,37908962510.666672

1623544786,35469.331682,37908962510.666672

1623544847,35469.487146,37908962510.666672

1623544908,35520.617456,37908962510.666672

1623544969,35513.552183,37908962510.666672

1623545030,35511.189295,37908962510.666672

1623545091,35516.654247,37908962510.666672

1623545152,35552.912735,37908962510.666672

1623545213,35581.087273,37908962510.666672

1623545274,35586.255401,37908962510.666672

1623545335,35634.151038,37908962510.666672

1623545396,35654.749831,37908962510.666672

1623545456,35657.500266,37908962510.666672

1623545517,35655.797234,37908962510.666672

1623545578,35638.113820,37908962510.666672

1623545639,35616.389215,37908962510.666672

1623545700,35644.096094,37908962510.666672

1623545761,35668.379988,37908962510.666672

1623545822,35692.451214,37908962510.666672

1623545883,35699.439119,37908962510.666672

1623545944,35750.990129,37908962510.666672

1623546005,35737.567477,37908962510.666672

1623546066,35860.009829,37908962510.666672

1623546127,35869.709890,37908962510.666672

1623546188,35887.050412,37908962510.666672

1623546249,35867.384637,37908962510.666672

1623546310,35865.018359,37908962510.666672

1623546371,35830.884085,37908962510.666672

1623546432,35832.717774,37908962510.666672

1623618740,38962.782383,37732357562.413338

1623618801,38968.827924,37732357562.413338

1623618862,39014.256440,37732357562.413338

1623618923,39013.779811,37732357562.413338

1623618984,38926.887049,37732357562.413338

1623619045,39009.662124,37732357562.413338

1623619106,39064.662177,37732357562.413338

1623619167,38950.537274,37732357562.413338

1623619228,38931.819454,37732357562.413338

1623619289,38918.443263,37732357562.413338

1623619350,38944.487491,37732357562.413338

1623619411,38887.917033,37732357562.413338

1623619472,38893.331739,37732357562.413338

1623619533,38929.356141,37732357562.413338

1623619594,38923.315976,37732357562.413338

1623619655,38980.458464,37732357562.413338

1623619716,39020.710829,37732357562.413338

1623619777,39002.197241,39241636489.101616

1623619838,39077.111256,39241636489.101616

1623619899,39082.890515,39241636489.101616

1623619960,39104.629120,39241636489.101616

1623620020,39085.002315,39241636489.101616

1623620081,39092.102087,39241636489.101616

1623620142,39104.114930,39241636489.101616

1623620203,39078.214512,39241636489.101616

1623620264,39163.661634,39241636489.101616

1623620325,39187.300075,39241636489.101616

1623620386,39149.323398,39241636489.101616

1623620447,39121.171329,39241636489.101616

1623620508,39053.472364,39241636489.101616

1623620569,39092.994365,39241636489.101616

1623620630,39081.409364,39241636489.101616

1623620691,39106.750439,39241636489.101616

1623620752,39094.598899,39241636489.101616

1623620813,39082.847187,39241636489.101616

1623620874,39085.332733,39241636489.101616

1623620935,39060.004961,39241636489.101616

1623620996,39046.375007,39241636489.101616

1623621057,39033.766382,39241636489.101616

1623621118,39012.725178,39241636489.101616

1623621179,39009.702083,39241636489.101616

1623621240,38962.424569,39241636489.101616

1623621301,38930.898209,39241636489.101616

1623621362,38907.779694,39241636489.101616

1623621423,38954.815728,39241636489.101616

1623621484,38936.039486,39241636489.101616

1623621545,38933.114217,39241636489.101616

1623621606,38912.306286,39241636489.101616

1623621667,38896.851878,39241636489.101616

1623621728,38944.744512,39241636489.101616

1623621789,38942.669345,39241636489.101616

1623621850,39003.558890,39241636489.101616

1623621911,39020.657933,39241636489.101616

1623621972,38997.579404,39241636489.101616

1623622033,39024.187994,39241636489.101616

1623622094,39003.772415,39241636489.101616

1623622155,39014.077375,39241636489.101616

1623622216,39026.656107,39241636489.101616

1623622277,39036.990747,39241636489.101616

1623622338,38953.968960,39241636489.101616

1623622399,38853.916658,39241636489.101616

1623622459,38790.468489,39241636489.101616

1623622520,38801.509750,39241636489.101616

1623622581,38893.749375,39241636489.101616

1623622642,38851.392523,39241636489.101616

1623622703,38851.774845,39241636489.101616

1623622764,38814.929043,39241636489.101616

1623622825,38822.056840,39241636489.101616

1623622886,38820.252589,39241636489.101616

1623622947,38817.023588,39241636489.101616

1623623008,38837.834843,39241636489.101616

1623623069,38844.658174,39241636489.101616

1623623130,38851.735825,39241636489.101616

1623623191,38884.227535,39241636489.101616

1623623252,38868.210453,39241636489.101616

1623623313,38814.247480,39241636489.101616

1623623374,38749.233519,39843828290.662918

1623623435,38776.311095,39843828290.662918

1623623496,38795.858570,39843828290.662918

1623623557,38831.338976,39843828290.662918

1623623618,38809.323396,39843828290.662918

1623623679,38778.475386,39843828290.662918

1623623740,38774.609574,39843828290.662918

1623623801,38790.033570,39843828290.662918

1623623862,38801.989332,39843828290.662918

1623623923,38815.654734,39843828290.662918

1623623984,38874.710714,39843828290.662918

1623624045,38964.992249,39843828290.662918

1623624106,38975.160347,39843828290.662918

1623624167,38931.601916,39843828290.662918

1623624228,38896.421769,39843828290.662918

1623624289,38919.902548,39843828290.662918

1623624350,38911.611311,39843828290.662918

1623624411,38898.698322,39843828290.662918

1623624472,38902.214419,39843828290.662918

1623624533,38874.655054,39843828290.662918

1623624594,38825.954660,39843828290.662918

1623624655,38887.724396,39843828290.662918

1623624716,38917.257441,39843828290.662918

1623624777,38890.413540,39843828290.662918

1623624838,38871.902112,39843828290.662918

1623624899,38872.239535,39843828290.662918

1623624960,38856.157856,39843828290.662918

1623625021,38889.540535,39843828290.662918

1623625082,38873.332964,39843828290.662918

1623625143,38898.194487,39843828290.662918

1623625204,38882.651123,39843828290.662918

1623625265,38822.539093,39843828290.662918

1623625326,38777.793264,39843828290.662918

1623625387,38800.543004,39843828290.662918

1623625448,38763.768354,39843828290.662918

1623625509,38770.252855,39843828290.662918

1623625570,38788.743990,39843828290.662918

1623625631,38793.955192,39843828290.662918

1623625692,38779.548702,39843828290.662918

1623625753,38765.907794,39843828290.662918

1623625814,38788.010337,39843828290.662918

1623625875,38779.169741,39843828290.662918

1623625936,38793.927753,39843828290.662918

1623625997,38769.839367,39843828290.662918

1623626058,38776.876430,39843828290.662918

1623626119,38796.337880,39843828290.662918

1623626180,38822.342745,39843828290.662918

1623626241,38835.259091,39843828290.662918

1623626302,38841.495692,39843828290.662918

1623626363,38773.255209,39843828290.662918

1623626424,38857.489698,39843828290.662918

1623626484,38906.319157,39843828290.662918

1623626545,38891.816016,39843828290.662918

1623626607,38893.970133,39843828290.662918

1623626667,38905.228317,39843828290.662918

1623626728,38944.561328,39843828290.662918

1623626789,38942.248584,39843828290.662918

1623626850,38969.704821,39843828290.662918

1623626911,38921.943279,39843828290.662918

1623626972,38914.046529,40358042268.368439

1623627033,38902.697297,40358042268.368439

1623627094,38923.980800,40358042268.368439

1623627155,38891.848557,40358042268.368439

1623627216,38890.514016,40358042268.368439

1623627277,38931.802086,40358042268.368439

1623627338,38892.571574,40358042268.368439

1623627399,38887.091199,40358042268.368439

1623627460,38869.043455,40358042268.368439

1623627521,38862.334356,40358042268.368439

1623627582,38856.936720,40358042268.368439

1623627643,38880.609910,40358042268.368439

1623627704,38854.926932,40358042268.368439

1623627765,38846.285812,40358042268.368439

1623627826,38825.688380,40358042268.368439

1623627887,38806.630468,40358042268.368439

1623627948,38790.118127,40358042268.368439

1623628009,38803.927897,40358042268.368439

1623628070,38837.839912,40358042268.368439

1623628131,38856.529852,40358042268.368439

1623628192,38857.379019,40358042268.368439

1623628253,38886.339517,40358042268.368439

1623628314,38964.405461,40358042268.368439

1623628375,38920.035344,40358042268.368439

1623628436,38972.463585,40358042268.368439

1623628497,39038.360688,40358042268.368439

1623628558,39044.019025,40358042268.368439

1623628619,39117.939104,40358042268.368439

1623628680,39095.465772,40358042268.368439

1623628741,39106.762593,40358042268.368439

1623628802,39023.779632,40358042268.368439

1623628863,39131.608725,40358042268.368439

1623628924,39118.178633,40358042268.368439

1623628985,39222.731973,40358042268.368439

1623629046,39136.992618,40358042268.368439

1623629107,38985.597335,40358042268.368439

1623629168,38906.321271,40358042268.368439

1623629229,38951.301410,40358042268.368439

1623629290,38890.796942,40358042268.368439

1623629351,38892.148198,40358042268.368439

1623629412,38895.633425,40358042268.368439

1623629473,38851.497012,40358042268.368439

1623629534,38848.469018,40358042268.368439

1623629595,38814.710687,40358042268.368439

1623629656,38820.789945,40358042268.368439

1623629717,38847.154411,40358042268.368439

1623629778,38788.352178,40358042268.368439

1623629839,38862.479355,40358042268.368439

1623629900,38891.786920,40358042268.368439

1623629961,38905.192326,40358042268.368439

1623630022,38907.010611,40358042268.368439

1623630083,38920.207151,40358042268.368439

1623630144,38924.140592,40358042268.368439

1623630205,38956.531690,40358042268.368439

1623630266,38946.890066,40358042268.368439

1623630327,38975.490572,40358042268.368439

1623630388,38988.602179,40358042268.368439

1623630449,39028.149058,40358042268.368439

1623630510,39042.284847,40358042268.368439

1623630571,39061.849541,40831933893.041283

1623630632,39113.774355,40831933893.041283

1623630693,39083.444069,40831933893.041283

1623630754,39108.128416,40831933893.041283

1623630815,39099.603927,40831933893.041283

1623630876,39087.979664,40831933893.041283

1623630937,39104.488821,40831933893.041283

1623630998,39070.165591,40831933893.041283

1623631059,39040.235201,40831933893.041283

1623631120,38992.197037,40831933893.041283

1623631181,38956.635496,40831933893.041283

1623631242,39006.742354,40831933893.041283

1623631303,39002.149304,40831933893.041283

1623631364,39032.886671,40831933893.041283

1623631425,39022.655859,40831933893.041283

1623631485,39085.177688,40831933893.041283

1623631546,39075.149047,40831933893.041283

1623631607,39134.969762,40831933893.041283

1623631668,39125.639412,40831933893.041283

1623631729,39151.028552,40831933893.041283

1623631790,39201.257735,40831933893.041283

1623631851,39170.646971,40831933893.041283

1623631912,39128.570714,40831933893.041283

1623631973,39145.055773,40831933893.041283

1623632034,39121.009793,40831933893.041283

1623632095,39096.783148,40831933893.041283

1623632156,39073.213956,40831933893.041283

1623632217,39054.205932,40831933893.041283

1623632279,39096.278203,40831933893.041283

1623632340,39124.503575,40831933893.041283

1623632401,39125.383287,40831933893.041283

1623632462,39095.001023,40831933893.041283

1623632523,39081.868671,40831933893.041283

1623632583,39094.423148,40831933893.041283

1623632644,39094.167244,40831933893.041283

1623632705,39073.338873,40831933893.041283

1623632766,39065.997770,40831933893.041283

1623632827,39074.337853,40831933893.041283

1623632888,39011.712934,40831933893.041283

1623632949,39012.220024,40831933893.041283

1623633010,39080.244173,40831933893.041283

1623633071,39061.847278,40831933893.041283

1623633132,39038.687704,40831933893.041283

1623633193,39008.054677,40831933893.041283

1623633254,39006.943783,40831933893.041283

1623633315,39032.180599,40831933893.041283

1623703042,39687.090781,51696449081.178040

1623703103,39696.124283,51696449081.178040

1623703164,39688.805308,51696449081.178040

1623703225,39704.739659,51696449081.178040

1623703286,39735.653884,51696449081.178040

1623703347,39730.755833,51696449081.178040

1623703408,39736.840770,51696449081.178040

1623703469,39781.004650,51696449081.178040

1623703530,39815.125047,51696449081.178040

1623703591,39799.721735,51696449081.178040

1623703652,39856.580701,51696449081.178040

1623703713,39853.896283,51696449081.178040

1623703774,39825.544909,51696449081.178040

1623703835,39795.877236,51696449081.178040

1623703895,39757.506454,49036634182.701759

1623703956,39790.298244,49036634182.701759

1623704017,39799.155720,49036634182.701759

1623704078,39857.521620,49036634182.701759

1623704140,39830.398179,49036634182.701759

1623704201,39817.034605,49036634182.701759

1623704262,39796.354912,49036634182.701759

1623704323,39807.655215,49036634182.701759

1623704384,39826.951217,49036634182.701759

1623704445,39919.555249,49036634182.701759

1623704506,39955.361801,49036634182.701759

1623704567,40176.885172,49036634182.701759

1623704628,40298.537132,49036634182.701759

1623704689,40229.481209,49036634182.701759

1623704750,40324.320302,49036634182.701759

1623704811,40278.881201,49036634182.701759

1623704872,40231.733089,49036634182.701759

1623704933,40202.451415,49036634182.701759

1623704995,40186.881875,49036634182.701759

1623705055,40163.775312,49036634182.701759

1623705117,40225.601482,49036634182.701759

1623705177,40192.086405,49036634182.701759

1623705238,40155.849622,49036634182.701759

1623705299,40153.570199,49036634182.701759

1623705360,40200.454823,49036634182.701759

1623705421,40138.784757,49036634182.701759

1623705482,40098.905368,49036634182.701759

1623705545,40103.208709,49036634182.701759

1623705606,40102.574725,49036634182.701759

1623705667,40097.148318,49036634182.701759

1623705728,40007.121887,49036634182.701759

1623705789,40034.590852,49036634182.701759

1623705850,40017.262452,49036634182.701759

1623705911,40001.898734,49036634182.701759

1623705972,39980.506451,49036634182.701759

1623706033,39988.638701,49036634182.701759

1623706094,40019.048811,49036634182.701759

1623706155,40030.669031,49036634182.701759

1623706216,40075.708349,49036634182.701759

1623706277,40004.298125,49036634182.701759

1623706338,40001.083890,49036634182.701759

1623706399,40002.235768,49036634182.701759

1623706460,40082.077671,49036634182.701759

1623706521,40219.934399,49036634182.701759

1623706582,40203.715085,49036634182.701759

1623706643,40124.255948,49036634182.701759

1623706704,40088.318987,49036634182.701759

1623706765,40095.894209,49036634182.701759

1623706826,40086.776718,49036634182.701759

1623706887,40091.107631,49036634182.701759

1623706948,40114.697433,49036634182.701759

1623707009,40122.593089,49036634182.701759

1623707070,40129.896845,49036634182.701759

1623707131,40155.506598,49036634182.701759

1623707192,40150.850697,49036634182.701759

1623707253,40196.799372,49036634182.701759

1623707314,40182.278959,49036634182.701759

1623707375,40179.695258,49036634182.701759

1623707436,40180.079855,49036634182.701759

1623707497,40150.856284,48469069875.591446

1623707558,40188.270947,48469069875.591446

1623707618,40159.844793,48469069875.591446

1623707679,40204.096488,48469069875.591446

1623707740,40190.556200,48469069875.591446

1623707801,40208.169436,48469069875.591446

1623707862,40267.896746,48469069875.591446

1623707923,40256.170243,48469069875.591446

1623707984,40290.200131,48469069875.591446

1623708045,40258.570990,48469069875.591446

1623708106,40244.111040,48469069875.591446

1623708167,40297.774071,48469069875.591446

1623708228,40308.338867,48469069875.591446

1623708289,40340.774267,48469069875.591446

1623708350,40394.977823,48469069875.591446

1623708411,40371.902484,48469069875.591446

1623708472,40294.096961,48469069875.591446

1623708533,40295.927632,48469069875.591446

1623708594,40306.561057,48469069875.591446

1623708655,40269.921107,48469069875.591446

1623708716,40264.610358,48469069875.591446

1623708777,40231.802905,48469069875.591446

1623708838,40234.129963,48469069875.591446

1623708899,40248.623376,48469069875.591446

1623708960,40233.746256,48469069875.591446

1623709021,40208.909117,48469069875.591446

1623709082,40165.907935,48469069875.591446

1623709143,40117.442130,48469069875.591446

1623709204,40116.438557,48469069875.591446

1623709265,40123.966989,48469069875.591446

1623709326,40154.720328,48469069875.591446

1623709387,40155.748174,48469069875.591446

1623709448,40188.987819,48469069875.591446

1623709509,40196.863769,48469069875.591446

1623709570,40187.304369,48469069875.591446

1623709631,40161.914249,48469069875.591446

1623709692,40196.251126,48469069875.591446

1623709753,40175.096543,48469069875.591446

1623709814,40181.187361,48469069875.591446

1623709875,40248.702852,48469069875.591446

1623709936,40315.186263,48469069875.591446

1623709997,40292.941124,48469069875.591446

1623710058,40315.221675,48469069875.591446

1623710119,40273.185637,48469069875.591446

1623710180,40301.330277,48469069875.591446

1623710241,40292.400736,48469069875.591446

1623710302,40233.827985,48469069875.591446

1623710363,40230.225863,48469069875.591446

1623710424,40263.211859,48469069875.591446

1623710485,40237.446625,48469069875.591446

1623710546,40143.846560,48469069875.591446

1623710607,40125.319694,48469069875.591446

1623710668,40186.773473,48469069875.591446

1623710729,40226.967781,48469069875.591446

1623710790,40229.550055,48469069875.591446

1623710851,40234.186105,48469069875.591446

1623710912,40240.593989,48469069875.591446

1623710973,40271.188215,48469069875.591446

1623711034,40234.337911,48469069875.591446

1623711095,40225.275332,48217972537.005280

1623711156,40211.235520,48217972537.005280

1623711217,40223.716568,48217972537.005280

1623711278,40208.116175,48217972537.005280

1623711339,40381.186074,48217972537.005280

1623711400,40356.981612,48217972537.005280

1623711461,40342.979470,48217972537.005280

1623711522,40318.356111,48217972537.005280

1623711583,40347.774447,48217972537.005280

1623711644,40389.220186,48217972537.005280

1623711705,40381.777014,48217972537.005280

1623711766,40356.480209,48217972537.005280

1623711827,40301.973488,48217972537.005280

1623711888,40321.153632,48217972537.005280

1623711948,40342.948385,48217972537.005280

1623712010,40346.775128,48217972537.005280

1623712071,40322.828205,48217972537.005280

1623712132,40337.773256,48217972537.005280

1623712192,40359.789346,48217972537.005280

1623712253,40401.076071,48217972537.005280

1623712314,40427.776927,48217972537.005280

1623712375,40423.898361,48217972537.005280

1623712436,40455.870431,48217972537.005280

1623712497,40463.130858,48217972537.005280

1623712558,40534.656311,48217972537.005280

1623712619,40534.813960,48217972537.005280

1623712680,40530.046583,48217972537.005280

1623712741,40620.888858,48217972537.005280

1623712802,40609.219529,48217972537.005280

1623712863,40633.889129,48217972537.005280

1623712924,40620.708736,48217972537.005280

1623712985,40604.212555,48217972537.005280

1623713046,40583.352850,48217972537.005280

1623713107,40539.193131,48217972537.005280

1623713168,40543.333350,48217972537.005280

1623713229,40552.110202,48217972537.005280

1623713290,40623.470530,48217972537.005280

1623713351,40646.835876,48217972537.005280

1623713412,40667.377914,48217972537.005280

1623713473,40621.282426,48217972537.005280

1623713534,40642.081465,48217972537.005280

1623713595,40659.834091,48217972537.005280

1623713656,40666.884989,48217972537.005280

1623713717,40592.940887,48217972537.005280

1623713778,40591.478678,48217972537.005280

1623713839,40598.073854,48217972537.005280

1623713900,40570.628426,48217972537.005280

1623713961,40601.185913,48217972537.005280

1623714022,40560.617228,48217972537.005280

1623714083,40582.566489,48217972537.005280

1623714144,40569.297896,48217972537.005280

1623714205,40580.974240,48217972537.005280

1623714266,40642.217996,48217972537.005280

1623714327,40661.640209,48217972537.005280

1623714388,40654.581494,48217972537.005280

1623714449,40675.115391,48217972537.005280

1623714510,40749.948724,48217972537.005280

1623714571,40732.503194,48217972537.005280

1623714632,40688.976282,48217972537.005280

1623714693,40697.200041,48500911373.721397

1623714754,40678.187955,48500911373.721397

1623714815,40674.897851,48500911373.721397

1623714876,40667.950270,48500911373.721397

1623714937,40657.365882,48500911373.721397

1623714998,40648.352443,48500911373.721397

1623715059,40679.108994,48500911373.721397

1623715120,40704.642789,48500911373.721397

1623715181,40718.070473,48500911373.721397

1623715242,40654.334791,48500911373.721397

1623715303,40727.210704,48500911373.721397

1623715364,40838.118287,48500911373.721397

1623715425,40672.399298,48500911373.721397

1623715486,40521.813175,48500911373.721397

1623715547,40511.715033,48500911373.721397

1623715608,40442.041790,48500911373.721397

1623715669,40451.780628,48500911373.721397

1623715730,40452.688587,48500911373.721397

1623715791,40492.084426,48500911373.721397

1623715852,40542.477606,48500911373.721397

1623715913,40565.507624,48500911373.721397

1623715974,40568.687479,48500911373.721397

1623716035,40538.113692,48500911373.721397

1623716096,40632.306656,48500911373.721397

1623716157,40690.701526,48500911373.721397

1623716218,40743.794856,48500911373.721397

1623716279,40874.598484,48500911373.721397

1623716339,40972.347727,48500911373.721397

1623716400,40897.498075,48500911373.721397

1623716461,40941.123218,48500911373.721397

1623716522,40996.121305,48500911373.721397

1623716583,41021.261676,48500911373.721397

1623716644,41021.110815,48500911373.721397

1623716705,40984.074798,48500911373.721397

1623716766,40961.454892,48500911373.721397

1623716827,40924.723509,48500911373.721397

1623716888,40909.101355,48500911373.721397

1623716949,40922.524867,48500911373.721397

1623717010,40920.569045,48500911373.721397

1623717071,40869.837164,48500911373.721397

1623717132,40847.368302,48500911373.721397

1623717193,40837.134838,48500911373.721397

1623717254,40797.286213,48500911373.721397

1623717315,40824.367826,48500911373.721397

1623717376,40850.911346,48500911373.721397

1623717437,40824.352662,48500911373.721397

1623717498,40807.175716,48500911373.721397

1623717559,40779.537552,48500911373.721397

1623717620,40754.891126,48500911373.721397

timestamp,price,volume
1623804356,40050.806164,39847207165.816559
1623804417,40072.944142,39847207165.816559
1623804478,40046.363788,39847207165.816559
1623804539,40033.001150,39847207165.816559
1623804600,40011.185008,39847207165.816559
1623804661,40016.532570,39847207165.816559
1623804722,39976.013608,39847207165.816559
1623804783,39943.900511,39847207165.816559
1623804844,39960.745841,39847207165.816559
1623804905,39941.344996,39847207165.816559
1623804966,39963.759378,39847207165.816559
1623805027,39961.751826,39847207165.816559
1623805088,39962.565344,39847207165.816559
1623805149,39979.819053,39847207165.816559
1623805210,39897.255976,39847207165.816559
1623805271,39818.822068,39847207165.816559
1623805332,39844.039106,39847207165.816559
1623805393,39864.335434,39847207165.816559
1623805454,39849.349692,39847207165.816559
1623805515,39819.188512,39847207165.816559
1623805576,39751.252369,39847207165.816559
1623805637,39781.490692,39847207165.816559
1623805698,39791.092678,39847207165.816559
1623805759,39802.204942,39847207165.816559
1623805820,39751.533752,39847207165.816559
1623805880,39709.060516,39847207165.816559
1623805941,39713.787689,39847207165.816559
1623806002,39748.568907,39847207165.816559
1623806063,39814.049341,39847207165.816559
1623806124,39859.843279,39847207165.816559
1623806185,39813.033316,39847207165.816559
1623806246,39825.027010,39847207165.816559
1623806307,39788.949845,39141870850.636612
1623806368,39800.777955,39141870850.636612
1623806429,39838.296312,39141870850.636612
1623806490,39804.349459,39141870850.636612
1623806551,39785.022903,39141870850.636612
1623806612,39750.091819,39141870850.636612
1623806673,39783.586021,39141870850.636612
1623806734,39748.424362,39141870850.636612
1623806795,39737.713811,39141870850.636612
1623806856,39739.888952,39141870850.636612
1623806917,39826.339507,39141870850.636612
1623806978,39846.730706,39141870850.636612
1623807039,39912.986081,39141870850.636612
1623807100,39935.413749,39141870850.636612
1623807161,39950.440618,39141870850.636612
1623807222,39931.785693,39141870850.636612
1623807283,39928.465264,39141870850.636612
1623807344,40099.366885,39141870850.636612
1623807405,40112.085697,39141870850.636612
1623807466,40121.237971,39141870850.636612
1623807527,40095.176693,39141870850.636612
1623807588,40153.892994,39141870850.636612
1623807649,40142.880409,39141870850.636612
1623807710,40138.439025,39141870850.636612
1623807771,40169.064715,39141870850.636612
1623807832,40179.891373,39141870850.636612
1623807893,40159.213601,39141870850.636612
1623807953,40115.204386,39141870850.636612
1623808014,40122.121532,39141870850.636612
1623808075,40122.007864,39141870850.636612
1623808136,40125.573395,39141870850.636612
1623808197,40110.161626,39141870850.636612
1623808258,40175.887447,39141870850.636612
1623808319,40193.204706,39141870850.636612
1623808380,40161.387462,39141870850.636612
1623808441,40152.215359,39141870850.636612
1623808502,40149.053327,39141870850.636612
1623808563,40025.407776,39141870850.636612
1623808624,40032.545959,39141870850.636612
1623808685,40030.989457,39141870850.636612
1623808746,40063.227512,39141870850.636612
1623808807,40086.129960,39141870850.636612
1623808868,40120.789409,39141870850.636612
1623808929,40100.055168,39141870850.636612
1623808990,40133.259770,39141870850.636612
1623809051,40148.278100,39141870850.636612
1623809112,40146.807443,39141870850.636612
1623809174,40112.190877,39141870850.636612
1623809235,40088.411111,39141870850.636612
1623809295,40086.289144,39141870850.636612
1623809356,40077.786506,39141870850.636612
1623809417,40103.094743,39141870850.636612
1623809478,40127.958906,39141870850.636612
1623809539,40115.920042,39141870850.636612
1623809600,40125.230920,39141870850.636612
1623809661,40127.297995,39141870850.636612
1623809722,40106.960123,39141870850.636612
1623809783,40328.010175,39141870850.636612
1623809844,40306.439626,39141870850.636612
1623809905,40298.139818,39237635412.224449
1623809966,40282.438408,39237635412.224449
1623810027,40274.593718,39237635412.224449
1623810088,40309.450492,39237635412.224449
1623810149,40303.473921,39237635412.224449
1623810210,40315.910597,39237635412.224449
1623810271,40300.092320,39237635412.224449
1623810332,40308.836713,39237635412.224449
1623810393,40371.543240,39237635412.224449
1623810454,40369.288971,39237635412.224449
1623810515,40387.727518,39237635412.224449
1623810576,40340.611288,39237635412.224449
1623810637,40364.292764,39237635412.224449
1623810698,40362.158831,39237635412.224449
1623810759,40331.123241,39237635412.224449
1623810820,40319.018699,39237635412.224449
1623810881,40308.914550,39237635412.224449
1623810942,40313.245220,39237635412.224449
1623811003,40331.514883,39237635412.224449
1623811064,40335.435604,39237635412.224449
1623811125,40306.940046,39237635412.224449
1623811186,40302.168854,39237635412.224449
1623811247,40286.628437,39237635412.224449
1623811308,40288.570591,39237635412.224449
1623811368,40312.471011,39237635412.224449
1623811429,40256.203571,39237635412.224449
1623811490,40207.626642,39237635412.224449
1623811552,40187.656669,39237635412.224449
1623811613,40142.959216,39237635412.224449
1623811674,40174.877310,39237635412.224449
1623811735,40179.968809,39237635412.224449
1623811796,40191.260042,39237635412.224449
1623811857,40192.829027,39237635412.224449
1623811918,40208.582766,39237635412.224449
1623811979,40240.460991,39237635412.224449
1623812040,40223.034837,39237635412.224449
1623812101,40234.030970,39237635412.224449
1623812162,40266.087940,39237635412.224449
1623812223,40274.379724,39237635412.224449
1623812284,40281.090719,39237635412.224449
1623812345,40302.728568,39237635412.224449
1623812406,40259.041894,39237635412.224449
1623812467,40225.589349,39237635412.224449
1623812527,40245.638674,39237635412.224449
1623812588,40234.782305,39237635412.224449
1623812649,40215.566321,39237635412.224449
1623812710,40172.234180,39237635412.224449
1623812771,40147.529882,39237635412.224449
1623812832,40125.129716,39237635412.224449
1623812893,40116.756324,39237635412.224449
1623812954,40087.624349,39237635412.224449
1623813015,40091.331601,39237635412.224449
1623813076,40103.848373,39237635412.224449
1623813137,40063.386043,39237635412.224449
1623813198,40088.914000,39237635412.224449
1623813259,40085.599989,39237635412.224449
1623813320,40063.900486,39237635412.224449
1623813381,40066.020678,39237635412.224449
1623813442,40075.392683,39237635412.224449
1623813503,40104.910981,38219580504.000763
1623813564,40090.129504,38219580504.000763
1623813625,40115.448798,38219580504.000763
1623813686,40108.269568,38219580504.000763
1623813747,40161.608430,38219580504.000763
1623813808,40191.245961,38219580504.000763
1623813869,40185.491356,38219580504.000763
1623813930,40173.067960,38219580504.000763
1623813991,40176.641072,38219580504.000763
1623814052,40151.950632,38219580504.000763
1623814113,40132.368169,38219580504.000763
1623814174,40115.321846,38219580504.000763
1623814235,40075.068888,38219580504.000763
1623814296,40074.450506,38219580504.000763
1623814357,40122.273624,38219580504.000763
1623814418,40151.480046,38219580504.000763
1623814479,40150.174390,38219580504.000763
1623814540,40202.034013,38219580504.000763
1623814601,40201.702145,38219580504.000763
1623814662,40228.878527,38219580504.000763
1623814723,40184.373794,38219580504.000763
1623814784,40185.513377,38219580504.000763
1623814845,40204.167889,38219580504.000763
1623814906,40197.935315,38219580504.000763
1623814967,40189.608924,38219580504.000763
1623815028,40230.013658,38219580504.000763
timestamp,price,volume
1623879470,39045.179716,39371481902.753029
1623879531,39021.348612,39371481902.753029
1623879592,38998.084338,39371481902.753029
1623879653,38906.550196,39371481902.753029
1623879714,38962.911879,39371481902.753029
1623879775,38903.433190,39371481902.753029
1623879836,38937.018449,39371481902.753029
1623879897,38913.082727,39371481902.753029
1623879958,38918.973181,39371481902.753029
1623880019,38922.050200,39371481902.753029
1623880080,38962.062122,39371481902.753029
1623880141,38955.686618,39371481902.753029
1623880202,38968.638067,39371481902.753029
1623880263,38994.740619,39371481902.753029
1623880324,39067.354704,39371481902.753029
1623880385,39050.419231,39371481902.753029
1623880446,39104.511698,39371481902.753029
1623880507,39146.826688,39371481902.753029
1623880568,39094.898936,39371481902.753029
1623880629,39104.473220,39371481902.753029
1623880690,39070.511605,39371481902.753029
1623880751,39056.848882,39371481902.753029
1623880812,39050.205730,39371481902.753029
1623880873,39059.920860,39371481902.753029
1623880934,39119.617980,39371481902.753029
1623880995,39132.424616,39371481902.753029
1623881056,39177.094671,39371481902.753029
1623881117,39139.087789,39371481902.753029
1623881178,39159.931687,39371481902.753029
1623881239,39163.302493,39371481902.753029
1623881300,39182.461905,39371481902.753029
1623881361,39119.425961,39371481902.753029
1623881422,39119.519046,39371481902.753029
1623881483,39084.561516,39371481902.753029
1623881544,39145.556874,39371481902.753029
1623881605,39102.993721,39371481902.753029
1623881666,39094.318826,39371481902.753029
1623881727,39057.152483,39371481902.753029
1623881788,39061.262565,39371481902.753029
1623881849,39066.566489,39371481902.753029
1623881910,39024.279686,39044269982.038017
1623881971,39008.611355,39044269982.038017
1623882032,39033.276385,39044269982.038017
1623882093,39060.516951,39044269982.038017
1623882154,39087.149262,39044269982.038017
1623882215,39110.194414,39044269982.038017
1623882275,39090.902124,39044269982.038017
1623882336,39101.742765,39044269982.038017
1623882397,39076.534878,39044269982.038017
1623882459,38940.118347,39044269982.038017
1623882519,38971.212359,39044269982.038017
1623882580,38959.039768,39044269982.038017
1623882641,38989.076414,39044269982.038017
1623882702,38938.208455,39044269982.038017
1623882763,38959.669388,39044269982.038017
1623882824,38992.476709,39044269982.038017
1623882885,39000.674966,39044269982.038017
1623882946,38973.299848,39044269982.038017
1623883007,38930.957604,39044269982.038017
1623883068,38913.577191,39044269982.038017
1623883129,38927.619505,39044269982.038017
1623883190,38905.031728,39044269982.038017
1623883251,38901.167654,39044269982.038017
1623883312,38870.062143,39044269982.038017
1623883373,38904.260468,39044269982.038017
1623883434,38877.924717,39044269982.038017
1623883495,38844.649000,39044269982.038017
1623883556,38855.597113,39044269982.038017
1623883617,38877.836725,39044269982.038017
1623883678,38909.735448,39044269982.038017
1623883739,38926.858600,39044269982.038017
1623883800,38886.455450,39044269982.038017
1623883861,38854.380927,39044269982.038017
1623883922,38876.652132,39044269982.038017
1623883985,38854.613057,39044269982.038017
1623884046,38866.731177,39044269982.038017
1623884107,38879.817044,39044269982.038017
1623884168,38857.366267,39044269982.038017
1623884229,38886.164486,39044269982.038017
1623884290,38902.750350,39044269982.038017
1623884351,38856.618640,39044269982.038017
1623884412,38842.023734,39044269982.038017
1623884473,38847.206262,39044269982.038017
1623884534,38798.169921,39044269982.038017
1623884595,38760.897042,39044269982.038017
1623884656,38725.945244,39044269982.038017
1623884717,38774.611257,39044269982.038017
1623884778,38756.277993,39044269982.038017
1623884839,38778.926190,39044269982.038017
1623884900,38794.716740,39044269982.038017
1623884961,38793.896430,39044269982.038017
1623885022,38737.833878,39044269982.038017
1623885083,38760.310604,39044269982.038017
1623885144,38764.037643,39044269982.038017
1623885205,38725.867177,39044269982.038017
1623885266,38696.878590,39044269982.038017
1623885327,38695.815089,39044269982.038017
1623885388,38541.645627,39044269982.038017
1623885449,38468.952278,39044269982.038017
1623885510,38543.549618,38898254296.457672
1623885571,38578.279951,38898254296.457672
1623885632,38613.208743,38898254296.457672
1623885693,38577.098882,38898254296.457672
1623885754,38554.323792,38898254296.457672
1623885815,38541.565023,38898254296.457672
1623885876,38454.539798,38898254296.457672
1623885937,38525.088799,38898254296.457672
1623885998,38468.286830,38898254296.457672
1623886059,38515.089253,38898254296.457672
1623886120,38530.879739,38898254296.457672
1623886181,38540.951337,38898254296.457672
1623886242,38514.694736,38898254296.457672
1623886303,38493.922240,38898254296.457672
1623886364,38538.645174,38898254296.457672
1623886425,38491.261470,38898254296.457672
1623886486,38454.058685,38898254296.457672
1623886547,38497.720788,38898254296.457672
1623886608,38511.088819,38898254296.457672
1623886669,38507.800767,38898254296.457672
1623886730,38524.751154,38898254296.457672
1623886790,38581.461454,38898254296.457672
1623886851,38580.534152,38898254296.457672
1623886912,38540.729462,38898254296.457672
1623886973,38562.267709,38898254296.457672
1623887034,38519.822731,38898254296.457672
1623887095,38499.882797,38898254296.457672
1623887156,38544.972376,38898254296.457672
1623887217,38553.479157,38898254296.457672
1623887278,38552.429813,38898254296.457672
1623887339,38567.221545,38898254296.457672
1623887400,38593.130117,38898254296.457672
1623887461,38575.764006,38898254296.457672
1623887522,38565.045399,38898254296.457672
1623887583,38542.283215,38898254296.457672
1623887644,38586.025578,38898254296.457672
1623887705,38560.767127,38898254296.457672
1623887766,38619.994774,38898254296.457672
1623887827,38632.160633,38898254296.457672
1623887888,38641.284895,38898254296.457672
1623887949,38650.673384,38898254296.457672
1623888010,38637.555904,38898254296.457672
1623888071,38725.455861,38898254296.457672
1623888132,38686.932869,38898254296.457672
1623888193,38571.867274,38898254296.457672
1623888254,38533.231328,38898254296.457672
1623888315,38596.242101,38898254296.457672
1623888376,38650.684597,38898254296.457672
1623888437,38665.127938,38898254296.457672
1623888498,38740.759551,38898254296.457672
1623888559,38763.630496,38898254296.457672
1623888620,38783.118220,38898254296.457672
1623888681,38817.008310,38898254296.457672
1623888742,38834.198003,38898254296.457672
1623888803,38872.689669,38898254296.457672
1623888864,38886.044590,38898254296.457672
1623888924,38896.865804,38898254296.457672
1623888985,38897.935313,38898254296.457672
1623889046,38884.532206,38898254296.457672
1623889107,38823.441691,39432601756.894386
1623889168,38787.037493,39432601756.894386
1623889229,38772.037867,39432601756.894386
1623889290,38756.138477,39432601756.894386
1623889351,38729.666481,39432601756.894386
1623889412,38723.949738,39432601756.894386
1623889473,38726.611666,39432601756.894386
1623889534,38741.601136,39432601756.894386
1623889595,38719.308904,39432601756.894386
1623889656,38742.137908,39432601756.894386
1623889717,38750.797666,39432601756.894386
1623889778,38746.473996,39432601756.894386
1623889839,38761.505836,39432601756.894386
1623889900,38750.641589,39432601756.894386
1623889961,38857.341191,39432601756.894386
1623890022,38548.111854,39432601756.894386
1623890083,38576.739824,39432601756.894386
1623890144,38557.866668,39432601756.894386
1623890205,38591.318742,39432601756.894386
1623890266,38590.591488,39432601756.894386
1623890327,38610.405317,39432601756.894386
1623890388,38597.575412,39432601756.894386
1623890449,38609.741921,39432601756.894386
1623890510,38625.333660,39432601756.894386
1623890571,38613.379173,39432601756.894386
1623890632,38641.147233,39432601756.894386
1623890693,38633.245114,39432601756.894386
1623890754,38610.937736,39432601756.894386
1623890815,38583.716374,39432601756.894386
1623890876,38551.178972,39432601756.894386
1623890937,38602.733701,39432601756.894386
1623890998,38600.667111,39432601756.894386
1623891059,38563.448235,39432601756.894386
1623891120,38593.408258,39432601756.894386
1623891181,38570.687961,39432601756.894386
1623891242,38580.902574,39432601756.894386
1623891303,38568.854349,39432601756.894386
1623891364,38582.609778,39432601756.894386
1623891425,38568.741845,39432601756.894386
1623891486,38585.224561,39432601756.894386
1623891547,38612.067645,39432601756.894386
1623891608,38611.014802,39432601756.894386
1623891669,38646.954359,39432601756.894386
1623891730,38598.664130,39432601756.894386
1623891791,38583.320485,39432601756.894386
1623891852,38570.578564,39432601756.894386
1623891913,38568.015589,39432601756.894386
1623891974,38587.123935,39432601756.894386
1623892035,38610.168478,39432601756.894386
1623892096,38625.970547,39432601756.894386
1623892157,38667.239150,39432601756.894386
1623892218,38705.249191,39432601756.894386
1623892279,38723.925327,39432601756.894386
1623892340,38729.056691,39432601756.894386
1623892401,38702.194960,39432601756.894386
1623892462,38714.837203,39432601756.894386
1623892523,38738.966743,39432601756.894386
1623892584,38745.572270,39432601756.894386
1623892645,38723.336846,39432601756.894386
1623892706,38687.126557,40114227912.614342
1623892767,38677.859616,40114227912.614342
1623892828,38686.126608,40114227912.614342
1623892889,38715.060146,40114227912.614342
1623892950,38712.242366,40114227912.614342
1623893011,38717.903992,40114227912.614342
1623893071,38697.845450,40114227912.614342
1623893133,38685.202988,40114227912.614342
1623893195,38742.550507,40114227912.614342
1623893256,38732.353348,40114227912.614342
1623893317,38733.342920,40114227912.614342
1623893378,38726.068683,40114227912.614342
1623893439,38715.991269,40114227912.614342
1623893500,38684.264987,40114227912.614342
1623893561,38689.856369,40114227912.614342
1623893622,38668.092967,40114227912.614342
1623893683,38677.441125,40114227912.614342
1623893744,38665.535150,40114227912.614342
1623893805,38672.062100,40114227912.614342
1623893866,38686.280405,40114227912.614342
1623893927,38664.190643,40114227912.614342
1623893988,38659.311955,40114227912.614342
1623894049,38627.338747,40114227912.614342
